timestamp,temperature,voltage,current,angular_velocity,mode
2026-09-07T08:00:00,23.94,28.24,1.44,0.033,standby
2026-09-07T08:01:00,24.11,28.13,1.48,0.022,standby
2026-09-07T08:02:00,24.23,28.23,1.48,0.039,standby
2026-09-07T08:03:00,24.79,28.22,1.41,0.013,standby
2026-09-07T08:04:00,24.77,28.29,1.48,0.024,standby
2026-09-07T08:05:00,25.06,28.08,1.46,0.031,standby
2026-09-07T08:06:00,25.37,28.16,1.53,0.028,standby
2026-09-07T08:07:00,25.48,28.08,1.55,0.007,standby
2026-09-07T08:08:00,24.1,28.11,1.44,0.036,standby
2026-09-07T08:09:00,25.72,28.05,1.58,0.013,standby
2026-09-07T08:10:00,25.52,28.11,1.53,0.035,standby
2026-09-07T08:11:00,25.98,28.14,1.58,0.031,standby
2026-09-07T08:12:00,25.54,28.06,1.5,0.031,standby
2026-09-07T08:13:00,25.83,28.26,1.47,0.012,standby
2026-09-07T08:14:00,26.39,28.19,1.59,0.035,standby
2026-09-07T08:15:00,26.79,28.08,1.44,0.019,standby
2026-09-07T08:16:00,26.68,27.98,1.56,0.028,standby
2026-09-07T08:17:00,26.19,28.12,1.6,0.053,standby
2026-09-07T08:18:00,26.69,28.02,1.52,0.015,standby
2026-09-07T08:19:00,26.91,28.02,1.56,0.034,standby
2026-09-07T08:20:00,26.21,28.04,1.42,0.012,standby
2026-09-07T08:21:00,26.33,28.08,1.66,0.025,standby
2026-09-07T08:22:00,26.74,28.06,1.66,0.036,standby
2026-09-07T08:23:00,26.78,27.98,1.64,0.03,standby
2026-09-07T08:24:00,27.23,28.05,1.73,0.021,standby
2026-09-07T08:25:00,27.4,28.06,1.53,0.011,standby
2026-09-07T08:26:00,26.61,28.15,1.63,0.033,standby
2026-09-07T08:27:00,25.6,28.1,1.61,0.018,standby
2026-09-07T08:28:00,26.37,28.06,1.7,0.012,standby
2026-09-07T08:29:00,26.43,28.16,1.53,0.021,standby
2026-09-07T08:30:00,26.63,27.98,1.58,0.01,standby
2026-09-07T08:31:00,26.93,28.07,1.74,0.028,standby
2026-09-07T08:32:00,27.09,27.99,1.54,0.029,standby
2026-09-07T08:33:00,27.19,27.97,1.63,0.032,standby
2026-09-07T08:34:00,27.02,28.14,1.55,0.019,standby
2026-09-07T08:35:00,25.69,28.11,1.52,0.049,standby
2026-09-07T08:36:00,25.88,28.13,1.41,0.02,standby
2026-09-07T08:37:00,26.18,28.18,1.64,0.024,standby
2026-09-07T08:38:00,25.45,28.16,1.56,0.031,standby
2026-09-07T08:39:00,25.53,28.22,1.52,0.033,standby
2026-09-07T08:40:00,26.3,28.19,1.53,0.051,standby
2026-09-07T08:41:00,25.72,28.14,1.51,0.043,standby
2026-09-07T08:42:00,25.54,28.21,1.59,0.019,standby
2026-09-07T08:43:00,24.57,28.21,1.51,0.018,standby
2026-09-07T08:44:00,25.61,28.24,1.4,0.031,standby
2026-09-07T08:45:00,24.99,28.11,1.51,0.024,standby
2026-09-07T08:46:00,24.61,28.26,1.5,0.018,standby
2026-09-07T08:47:00,24.98,28.31,1.4,0.03,standby
2026-09-07T08:48:00,24.66,28.41,1.3,0.033,standby
2026-09-07T08:49:00,24.38,28.26,1.59,0.025,standby
2026-09-07T08:50:00,25.39,28.25,1.46,0.019,standby
2026-09-07T08:51:00,23.93,28.29,1.4,0.027,standby
2026-09-07T08:52:00,23.15,28.44,1.41,0.046,standby
2026-09-07T08:53:00,23.51,28.33,1.66,0.015,standby
2026-09-07T08:54:00,23.16,28.29,1.44,0.033,standby
2026-09-07T08:55:00,33.74,27.58,4.1,0.028,imaging
2026-09-07T08:56:00,33.76,27.64,4.06,0.034,imaging
2026-09-07T08:57:00,33.9,27.77,4.44,0.04,imaging
2026-09-07T08:58:00,32.5,27.53,4.38,0.043,imaging
2026-09-07T08:59:00,33.57,27.56,4.24,0.023,imaging
2026-09-07T09:00:00,32.68,27.65,4.09,0.03,imaging
2026-09-07T09:01:00,33.64,27.72,4.45,0.051,imaging
2026-09-07T09:02:00,33.26,27.53,4.36,0.059,imaging
2026-09-07T09:03:00,34.12,27.63,4.95,0.034,imaging
2026-09-07T09:04:00,34.01,27.61,4.47,0.072,imaging
2026-09-07T09:05:00,34.61,27.47,4.47,0.042,imaging
2026-09-07T09:06:00,34.32,27.47,4.23,0.004,imaging
2026-09-07T09:07:00,33.98,27.57,4.62,0.023,imaging
2026-09-07T09:08:00,33.48,27.41,4.65,0.041,imaging
2026-09-07T09:09:00,34.84,27.63,4.6,0.057,imaging
2026-09-07T09:10:00,34.37,27.5,4.58,0.026,imaging
2026-09-07T09:11:00,33.41,27.56,4.72,0.029,imaging
2026-09-07T09:12:00,59.32,27.57,5.65,0.036,imaging
2026-09-07T09:13:00,60.42,27.53,5.26,0.033,imaging
2026-09-07T09:14:00,61.53,27.6,5.61,0.024,imaging
2026-09-07T09:15:00,62.9,27.54,5.56,0.023,imaging
2026-09-07T09:16:00,63.1,27.36,5.61,0.028,imaging
2026-09-07T09:17:00,64.27,27.53,5.28,0.016,imaging
2026-09-07T09:18:00,65.17,27.64,5.85,0.002,imaging
2026-09-07T09:19:00,66.5,27.61,5.66,0.017,imaging
2026-09-07T09:20:00,66.74,27.32,5.7,0.023,imaging
2026-09-07T09:21:00,68.23,27.56,5.5,0.04,imaging
2026-09-07T09:22:00,36.52,27.46,5.06,0.024,imaging
2026-09-07T09:23:00,37.6,27.44,4.94,0.063,imaging
2026-09-07T09:24:00,37.95,27.4,5.02,0.022,imaging
2026-09-07T09:25:00,38.48,27.39,5.21,0.032,imaging
2026-09-07T09:26:00,38.42,27.38,5.29,0.032,imaging
2026-09-07T09:27:00,38.83,27.43,5.2,0.021,imaging
2026-09-07T09:28:00,38.16,27.3,5.12,0.049,imaging
2026-09-07T09:29:00,38.95,27.47,5.62,0.035,imaging
2026-09-07T09:30:00,38.43,27.3,5.33,0.011,imaging
2026-09-07T09:31:00,39.46,27.34,5.31,0.023,imaging
2026-09-07T09:32:00,39.49,27.45,5.39,0.022,imaging
2026-09-07T09:33:00,40.02,27.36,5.36,0.043,imaging
2026-09-07T09:34:00,40.94,27.33,5.69,0.026,imaging
2026-09-07T09:35:00,31.09,27.8,3.18,0.047,downlink
2026-09-07T09:36:00,31.06,27.85,3.11,0.038,downlink
2026-09-07T09:37:00,30.46,27.76,3.19,0.033,downlink
2026-09-07T09:38:00,29.84,27.86,3.31,0.022,downlink
2026-09-07T09:39:00,31.54,27.86,3.23,0.021,downlink
2026-09-07T09:40:00,31.49,27.68,3.28,0.021,downlink
2026-09-07T09:41:00,31.3,27.81,3.34,0.046,downlink
2026-09-07T09:42:00,31.49,27.76,3.21,0.04,downlink
2026-09-07T09:43:00,31.76,27.89,3.28,0.03,downlink
2026-09-07T09:44:00,31.57,27.75,3.39,0.006,downlink
2026-09-07T09:45:00,32.12,27.8,3.54,0.061,downlink
2026-09-07T09:46:00,31.64,27.74,3.42,0.057,downlink
2026-09-07T09:47:00,31.03,27.77,3.26,0.006,downlink
2026-09-07T09:48:00,30.97,27.61,3.58,0.018,downlink
2026-09-07T09:49:00,31.95,27.62,3.53,0.015,downlink
2026-09-07T09:50:00,32.8,27.63,3.38,0.032,downlink
2026-09-07T09:51:00,32.22,27.81,3.5,0.013,downlink
2026-09-07T09:52:00,31.99,27.65,3.58,0.035,downlink
2026-09-07T09:53:00,32.26,27.76,3.44,0.028,downlink
2026-09-07T09:54:00,32.46,27.81,3.5,0.025,downlink
2026-09-07T09:55:00,31.88,27.73,3.44,0.035,downlink
2026-09-07T09:56:00,31.48,27.76,3.36,0.019,downlink
2026-09-07T09:57:00,32.98,27.57,3.52,0.031,downlink
2026-09-07T09:58:00,31.96,27.78,3.71,0.002,downlink
2026-09-07T09:59:00,31.74,27.74,3.37,0.025,downlink
2026-09-07T10:00:00,32.52,27.73,3.5,0.031,downlink
2026-09-07T10:01:00,32.05,27.77,3.47,0.035,downlink
2026-09-07T10:02:00,32.16,27.68,3.51,0.028,downlink
2026-09-07T10:03:00,31.88,27.74,3.69,0.033,downlink
2026-09-07T10:04:00,32.71,27.74,3.63,0.034,downlink
2026-09-07T10:05:00,29.8,27.56,5.39,0.264,attitude_control
2026-09-07T10:06:00,29.67,27.31,5.34,0.486,attitude_control
2026-09-07T10:07:00,30.17,27.5,5.61,0.42,attitude_control
2026-09-07T10:08:00,29.1,27.37,5.37,0.201,attitude_control
2026-09-07T10:09:00,29.78,27.48,5.74,0.432,attitude_control
2026-09-07T10:10:00,29.9,27.6,5.6,0.376,attitude_control
2026-09-07T10:11:00,29.11,27.37,5.9,0.61,attitude_control
2026-09-07T10:12:00,29.27,27.48,6.02,0.045,attitude_control
2026-09-07T10:13:00,29.27,27.54,5.74,0.643,attitude_control
2026-09-07T10:14:00,29.53,27.52,5.83,0.358,attitude_control
2026-09-07T10:15:00,28.77,27.43,6.07,0.584,attitude_control
2026-09-07T10:16:00,29.26,27.46,6.16,0.737,attitude_control
2026-09-07T10:17:00,28.88,27.49,5.57,0.487,attitude_control
2026-09-07T10:18:00,28.28,27.58,5.84,0.179,attitude_control
2026-09-07T10:19:00,29.48,27.73,5.33,0.194,attitude_control
2026-09-07T10:20:00,28.34,27.51,5.4,0.007,attitude_control
2026-09-07T10:21:00,28.25,27.78,5.14,0.376,attitude_control
2026-09-07T10:22:00,27.56,27.68,5.33,0.731,attitude_control
2026-09-07T10:23:00,28.21,27.6,5.58,0.339,attitude_control
2026-09-07T10:24:00,27.4,27.68,5.54,0.447,attitude_control
2026-09-07T10:25:00,28.05,27.62,5.74,0.698,attitude_control
2026-09-07T10:26:00,27.27,27.83,5.7,0.297,attitude_control
2026-09-07T10:27:00,28.74,27.7,6.04,0.551,attitude_control
2026-09-07T10:28:00,26.78,27.71,5.74,0.205,attitude_control
2026-09-07T10:29:00,26.62,27.72,5.96,0.483,attitude_control
2026-09-07T10:30:00,23.06,28.27,1.33,0.018,standby
2026-09-07T10:31:00,22.58,28.32,1.4,0.014,standby
2026-09-07T10:32:00,22.79,28.3,1.39,0.031,standby
2026-09-07T10:33:00,22.83,28.39,1.25,0.02,standby
2026-09-07T10:34:00,22.74,28.42,1.25,0.027,standby
2026-09-07T10:35:00,23.03,28.37,1.36,0.03,standby
2026-09-07T10:36:00,22.47,28.44,1.37,0.027,standby
2026-09-07T10:37:00,21.89,28.39,1.46,0.023,standby
2026-09-07T10:38:00,22.05,28.37,1.42,0.015,standby
2026-09-07T10:39:00,22.43,28.35,1.27,0.027,standby
2026-09-07T10:40:00,21.99,28.44,1.43,0.02,standby
2026-09-07T10:41:00,22.04,28.37,1.44,0.033,standby
2026-09-07T10:42:00,22.0,28.45,1.28,0.021,standby
2026-09-07T10:43:00,21.92,28.44,1.35,0.009,standby
2026-09-07T10:44:00,21.71,28.39,1.25,0.023,standby
2026-09-07T10:45:00,20.75,28.5,1.4,0.024,standby
2026-09-07T10:46:00,21.1,28.38,1.32,0.004,standby
2026-09-07T10:47:00,21.59,28.5,1.31,0.019,standby
2026-09-07T10:48:00,21.57,28.47,1.42,0.025,standby
2026-09-07T10:49:00,21.17,28.42,1.34,0.044,standby
2026-09-07T10:50:00,21.34,28.37,1.26,0.0,standby
2026-09-07T10:51:00,21.64,28.35,1.23,0.001,standby
2026-09-07T10:52:00,21.01,28.48,1.23,0.004,standby
2026-09-07T10:53:00,21.62,28.42,1.37,0.034,standby
2026-09-07T10:54:00,21.57,28.34,1.33,0.031,standby
2026-09-07T10:55:00,21.36,28.33,1.43,0.02,standby
2026-09-07T10:56:00,21.49,28.42,1.43,0.028,standby
2026-09-07T10:57:00,21.59,28.46,1.52,0.042,standby
2026-09-07T10:58:00,22.12,28.33,1.65,0.011,standby
2026-09-07T10:59:00,21.73,28.35,1.49,0.03,standby
2026-09-07T11:00:00,21.34,28.41,1.41,0.021,standby
2026-09-07T11:01:00,21.53,28.33,1.34,0.025,standby
2026-09-07T11:02:00,21.95,28.42,1.3,0.004,standby
2026-09-07T11:03:00,21.96,28.46,1.34,0.053,standby
2026-09-07T11:04:00,22.63,28.27,1.32,0.028,standby
2026-09-07T11:05:00,22.0,28.5,1.32,0.033,standby
2026-09-07T11:06:00,23.31,28.32,1.32,0.022,standby
2026-09-07T11:07:00,22.94,28.38,1.42,0.008,standby
2026-09-07T11:08:00,22.93,28.25,1.24,0.017,standby
2026-09-07T11:09:00,22.4,28.33,1.58,0.047,standby
2026-09-07T11:10:00,22.92,28.24,1.49,0.038,standby
2026-09-07T11:11:00,23.13,28.25,1.62,0.024,standby
2026-09-07T11:12:00,23.24,28.26,1.5,0.013,standby
2026-09-07T11:13:00,23.48,28.16,1.44,0.048,standby
2026-09-07T11:14:00,24.07,28.22,1.39,0.021,standby
2026-09-07T11:15:00,24.34,28.17,1.59,0.009,standby
2026-09-07T11:16:00,23.87,28.32,1.32,0.039,standby
2026-09-07T11:17:00,23.3,28.18,1.47,0.035,standby
2026-09-07T11:18:00,22.85,28.04,1.45,0.025,standby
2026-09-07T11:19:00,23.99,28.15,1.41,0.02,standby
2026-09-07T11:20:00,24.14,28.17,1.56,0.042,standby
2026-09-07T11:21:00,24.34,28.12,1.52,0.021,standby
2026-09-07T11:22:00,24.72,28.02,1.55,0.014,standby
2026-09-07T11:23:00,24.42,28.01,1.62,0.023,standby
2026-09-07T11:24:00,25.47,28.13,1.4,0.012,standby
2026-09-07T11:25:00,25.39,28.05,1.45,0.023,standby
2026-09-07T11:26:00,25.06,28.02,1.52,0.019,standby
2026-09-07T11:27:00,24.05,28.12,1.48,0.041,standby
2026-09-07T11:28:00,24.77,27.97,1.65,0.006,standby
2026-09-07T11:29:00,25.07,28.11,1.53,0.005,standby
2026-09-07T11:30:00,25.49,28.05,1.66,0.032,standby
2026-09-07T11:31:00,26.82,27.95,1.56,0.012,standby
2026-09-07T11:32:00,26.01,28.11,1.63,0.016,standby
2026-09-07T11:33:00,25.18,27.91,1.7,0.031,standby
2026-09-07T11:34:00,25.42,28.12,1.63,0.037,standby
2026-09-07T11:35:00,24.81,28.0,1.59,0.029,standby
2026-09-07T11:36:00,25.98,27.98,1.58,0.051,standby
2026-09-07T11:37:00,25.85,28.11,1.57,0.034,standby
2026-09-07T11:38:00,26.33,28.06,1.67,0.014,standby
2026-09-07T11:39:00,25.75,28.12,1.51,0.038,standby
2026-09-07T11:40:00,25.14,28.0,1.57,0.048,standby
2026-09-07T11:41:00,25.54,28.13,1.51,0.026,standby
2026-09-07T11:42:00,24.81,28.03,1.63,0.025,standby
2026-09-07T11:43:00,25.93,28.06,1.54,0.04,standby
2026-09-07T11:44:00,24.91,27.97,1.66,0.03,standby
2026-09-07T11:45:00,24.15,28.09,1.52,0.046,standby
2026-09-07T11:46:00,24.7,28.05,1.47,0.012,standby
2026-09-07T11:47:00,24.62,28.0,1.46,0.006,standby
2026-09-07T11:48:00,24.16,28.0,1.49,0.017,standby
2026-09-07T11:49:00,24.17,28.15,1.53,0.02,standby
2026-09-07T11:50:00,24.39,28.24,1.54,0.031,standby
2026-09-07T11:51:00,23.31,28.09,1.34,0.02,standby
2026-09-07T11:52:00,24.52,28.1,1.55,0.013,standby
2026-09-07T11:53:00,24.48,28.05,1.48,0.03,standby
2026-09-07T11:54:00,24.32,28.16,1.65,0.02,standby
2026-09-07T11:55:00,34.46,27.29,4.71,0.029,imaging
2026-09-07T11:56:00,34.1,27.62,4.65,0.037,imaging
2026-09-07T11:57:00,33.99,27.55,4.41,0.016,imaging
2026-09-07T11:58:00,35.39,27.34,4.59,0.042,imaging
2026-09-07T11:59:00,35.97,27.54,4.24,0.022,imaging
2026-09-07T12:00:00,34.91,27.54,4.68,0.004,imaging
2026-09-07T12:01:00,34.72,27.59,4.78,0.065,imaging
2026-09-07T12:02:00,34.72,27.6,4.82,0.054,imaging
2026-09-07T12:03:00,35.37,27.58,4.48,0.012,imaging
2026-09-07T12:04:00,35.55,27.49,4.61,0.026,imaging
2026-09-07T12:05:00,34.83,27.53,4.49,0.036,imaging
2026-09-07T12:06:00,35.22,27.51,4.54,0.048,imaging
2026-09-07T12:07:00,36.16,27.46,4.84,0.049,imaging
2026-09-07T12:08:00,33.72,27.45,4.59,0.048,imaging
2026-09-07T12:09:00,35.33,27.55,4.79,0.021,imaging
2026-09-07T12:10:00,34.88,27.41,4.7,0.033,imaging
2026-09-07T12:11:00,35.44,27.45,4.87,0.05,imaging
2026-09-07T12:12:00,36.27,27.56,4.79,0.046,imaging
2026-09-07T12:13:00,35.83,27.45,4.96,0.062,imaging
2026-09-07T12:14:00,36.67,27.51,4.85,0.042,imaging
2026-09-07T12:15:00,35.67,27.55,4.81,0.032,imaging
2026-09-07T12:16:00,36.74,27.51,4.86,0.049,imaging
2026-09-07T12:17:00,35.96,27.52,4.86,0.015,imaging
2026-09-07T12:18:00,35.98,27.4,4.92,0.016,imaging
2026-09-07T12:19:00,36.62,27.54,4.96,0.033,imaging
2026-09-07T12:20:00,36.48,27.32,4.79,0.033,imaging
2026-09-07T12:21:00,36.58,27.47,4.83,0.037,imaging
2026-09-07T12:22:00,36.29,27.38,5.04,0.032,imaging
2026-09-07T12:23:00,37.36,27.51,5.13,0.04,imaging
2026-09-07T12:24:00,36.41,27.38,4.85,0.081,imaging
2026-09-07T12:25:00,36.46,27.43,5.03,0.031,imaging
2026-09-07T12:26:00,36.92,27.29,4.97,0.013,imaging
2026-09-07T12:27:00,37.37,27.37,5.05,0.038,imaging
2026-09-07T12:28:00,37.33,27.49,5.12,0.039,imaging
2026-09-07T12:29:00,37.14,27.46,5.15,0.042,imaging
2026-09-07T12:30:00,38.27,27.38,5.27,0.029,imaging
2026-09-07T12:31:00,39.07,27.46,5.34,0.016,imaging
2026-09-07T12:32:00,37.97,27.32,5.27,0.042,imaging
2026-09-07T12:33:00,38.33,27.46,5.34,0.003,imaging
2026-09-07T12:34:00,38.82,27.15,5.27,0.026,imaging
2026-09-07T12:35:00,27.74,27.96,2.99,0.022,downlink
2026-09-07T12:36:00,28.89,28.07,2.91,0.048,downlink
2026-09-07T12:37:00,27.44,27.9,3.25,0.001,downlink
2026-09-07T12:38:00,28.65,27.86,3.06,0.027,downlink
2026-09-07T12:39:00,29.33,27.89,3.09,0.039,downlink
2026-09-07T12:40:00,28.47,27.87,3.1,0.031,downlink
2026-09-07T12:41:00,29.17,27.85,3.07,0.035,downlink
2026-09-07T12:42:00,28.77,27.9,3.14,0.02,downlink
2026-09-07T12:43:00,28.59,27.94,3.03,0.046,downlink
2026-09-07T12:44:00,29.24,27.79,3.21,0.032,downlink
2026-09-07T12:45:00,29.65,27.98,3.15,0.02,downlink
2026-09-07T12:46:00,29.11,27.8,3.12,0.034,downlink
2026-09-07T12:47:00,29.56,27.82,3.14,0.035,downlink
2026-09-07T12:48:00,29.45,27.77,3.23,0.026,downlink
2026-09-07T12:49:00,29.31,27.9,3.37,0.031,downlink
2026-09-07T12:50:00,30.05,27.87,3.28,0.042,downlink
2026-09-07T12:51:00,30.96,27.82,3.36,0.042,downlink
2026-09-07T12:52:00,30.1,23.91,3.83,0.008,downlink
2026-09-07T12:53:00,30.84,23.66,3.75,0.055,downlink
2026-09-07T12:54:00,29.96,23.65,3.73,0.016,downlink
2026-09-07T12:55:00,30.74,23.48,3.97,0.011,downlink
2026-09-07T12:56:00,30.99,23.42,3.84,0.021,downlink
2026-09-07T12:57:00,30.61,23.45,3.87,0.023,downlink
2026-09-07T12:58:00,31.34,23.37,3.93,0.041,downlink
2026-09-07T12:59:00,30.91,23.2,3.62,0.034,downlink
2026-09-07T13:00:00,31.47,23.14,3.69,0.016,downlink
2026-09-07T13:01:00,31.12,27.73,3.32,0.031,downlink
2026-09-07T13:02:00,30.63,27.53,3.56,0.012,downlink
2026-09-07T13:03:00,31.28,27.59,3.31,0.024,downlink
2026-09-07T13:04:00,31.44,27.77,3.55,0.026,downlink
2026-09-07T13:05:00,29.96,27.59,5.91,0.355,attitude_control
2026-09-07T13:06:00,30.12,27.64,5.97,0.703,attitude_control
2026-09-07T13:07:00,30.12,27.56,5.65,0.242,attitude_control
2026-09-07T13:08:00,29.72,27.33,5.71,0.559,attitude_control
2026-09-07T13:09:00,29.47,27.52,5.53,0.341,attitude_control
2026-09-07T13:10:00,30.25,27.49,5.76,0.693,attitude_control
2026-09-07T13:11:00,30.38,27.39,5.86,0.322,attitude_control
2026-09-07T13:12:00,29.79,27.47,5.72,0.239,attitude_control
2026-09-07T13:13:00,30.0,27.52,5.57,0.386,attitude_control
2026-09-07T13:14:00,30.24,27.41,5.52,0.476,attitude_control
2026-09-07T13:15:00,29.14,27.51,5.42,0.363,attitude_control
2026-09-07T13:16:00,29.41,27.45,5.24,0.691,attitude_control
2026-09-07T13:17:00,29.2,27.42,5.8,0.514,attitude_control
2026-09-07T13:18:00,29.99,27.62,5.63,0.253,attitude_control
2026-09-07T13:19:00,29.99,27.56,5.69,0.218,attitude_control
2026-09-07T13:20:00,30.12,27.55,5.56,0.545,attitude_control
2026-09-07T13:21:00,28.85,27.46,5.64,0.318,attitude_control
2026-09-07T13:22:00,29.05,27.45,5.98,0.467,attitude_control
2026-09-07T13:23:00,29.64,27.61,5.77,0.433,attitude_control
2026-09-07T13:24:00,29.51,27.68,5.97,0.641,attitude_control
2026-09-07T13:25:00,29.65,27.63,5.43,0.561,attitude_control
2026-09-07T13:26:00,29.19,27.55,5.59,0.352,attitude_control
2026-09-07T13:27:00,29.19,27.63,5.33,0.455,attitude_control
2026-09-07T13:28:00,28.65,27.47,5.57,0.367,attitude_control
2026-09-07T13:29:00,28.5,27.5,5.45,0.418,attitude_control
2026-09-07T13:30:00,24.7,28.11,1.48,0.03,standby
2026-09-07T13:31:00,24.6,28.22,1.42,0.058,standby
2026-09-07T13:32:00,24.52,28.14,1.5,0.014,standby
2026-09-07T13:33:00,25.18,28.34,1.44,0.027,standby
2026-09-07T13:34:00,24.44,28.22,1.58,0.036,standby
2026-09-07T13:35:00,24.13,28.35,1.55,0.031,standby
2026-09-07T13:36:00,24.11,28.25,1.39,0.031,standby
2026-09-07T13:37:00,24.12,28.11,1.52,0.027,standby
2026-09-07T13:38:00,24.62,28.27,1.45,0.038,standby
2026-09-07T13:39:00,24.17,28.31,1.68,0.023,standby
2026-09-07T13:40:00,23.94,28.42,1.35,0.013,standby
2026-09-07T13:41:00,23.09,28.35,1.46,0.034,standby
2026-09-07T13:42:00,22.99,28.4,1.5,0.024,standby
2026-09-07T13:43:00,23.49,28.39,1.43,0.033,standby
2026-09-07T13:44:00,22.87,28.34,1.29,0.033,standby
2026-09-07T13:45:00,23.48,28.35,1.41,0.006,standby
2026-09-07T13:46:00,23.52,28.34,1.39,0.038,standby
2026-09-07T13:47:00,22.69,28.47,1.38,0.025,standby
2026-09-07T13:48:00,23.18,28.3,1.41,0.026,standby
2026-09-07T13:49:00,23.31,28.39,1.33,0.029,standby
2026-09-07T13:50:00,22.73,28.33,1.34,0.04,standby
2026-09-07T13:51:00,22.64,28.36,1.41,0.003,standby
2026-09-07T13:52:00,21.66,28.42,1.36,0.028,standby
2026-09-07T13:53:00,22.15,28.42,1.23,0.028,standby
2026-09-07T13:54:00,21.77,28.42,1.36,0.004,standby
2026-09-07T13:55:00,22.22,28.49,1.46,0.007,standby
2026-09-07T13:56:00,22.57,28.36,1.23,0.044,standby
2026-09-07T13:57:00,22.7,28.39,1.35,0.033,standby
2026-09-07T13:58:00,22.46,28.61,1.38,0.011,standby
2026-09-07T13:59:00,22.24,28.4,1.31,0.025,standby
2026-09-07T14:00:00,22.09,24.05,1.44,0.032,standby
2026-09-07T14:01:00,22.7,24.15,1.43,0.012,standby
2026-09-07T14:02:00,22.14,24.1,1.32,0.002,standby
2026-09-07T14:03:00,21.64,24.0,1.33,0.02,standby
2026-09-07T14:04:00,21.99,24.15,1.31,0.04,standby
2026-09-07T14:05:00,22.33,28.53,1.23,0.033,standby
2026-09-07T14:06:00,22.52,28.45,1.39,0.017,standby
2026-09-07T14:07:00,23.03,28.43,1.54,0.021,standby
2026-09-07T14:08:00,23.32,28.47,1.25,0.041,standby
2026-09-07T14:09:00,22.35,28.26,1.42,0.038,standby
2026-09-07T14:10:00,22.95,28.39,1.48,0.034,standby
2026-09-07T14:11:00,22.73,28.45,1.26,0.018,standby
2026-09-07T14:12:00,22.66,28.24,1.27,0.04,standby
2026-09-07T14:13:00,22.76,28.34,1.28,0.035,standby
2026-09-07T14:14:00,23.37,28.41,1.37,0.011,standby
2026-09-07T14:15:00,23.06,28.42,1.38,0.034,standby
2026-09-07T14:16:00,22.21,28.43,1.35,0.051,standby
2026-09-07T14:17:00,23.53,28.34,1.45,0.014,standby
2026-09-07T14:18:00,24.3,28.28,1.51,0.035,standby
2026-09-07T14:19:00,24.27,28.26,1.39,0.029,standby
2026-09-07T14:20:00,23.28,28.26,1.49,0.01,standby
2026-09-07T14:21:00,24.92,28.25,1.45,0.011,standby
2026-09-07T14:22:00,24.71,28.31,1.53,0.041,standby
2026-09-07T14:23:00,25.21,28.28,1.34,0.041,standby
2026-09-07T14:24:00,24.21,28.22,1.51,0.03,standby
2026-09-07T14:25:00,25.67,28.24,1.32,0.022,standby
2026-09-07T14:26:00,25.18,28.2,1.58,0.022,standby
2026-09-07T14:27:00,24.6,28.24,1.38,0.045,standby
2026-09-07T14:28:00,25.52,28.1,1.57,0.053,standby
2026-09-07T14:29:00,24.64,28.25,1.53,0.027,standby
2026-09-07T14:30:00,25.83,28.21,1.44,0.042,standby
2026-09-07T14:31:00,25.21,28.3,1.63,0.011,standby
2026-09-07T14:32:00,25.94,28.25,1.47,0.023,standby
2026-09-07T14:33:00,25.89,28.22,1.47,0.025,standby
2026-09-07T14:34:00,26.44,28.11,1.45,0.009,standby
2026-09-07T14:35:00,25.62,28.04,1.39,0.016,standby
2026-09-07T14:36:00,26.55,28.11,1.47,0.013,standby
2026-09-07T14:37:00,26.07,28.0,1.44,0.034,standby
2026-09-07T14:38:00,25.97,28.09,1.5,0.054,standby
2026-09-07T14:39:00,25.88,28.1,1.52,0.016,standby
2026-09-07T14:40:00,26.91,28.09,1.47,0.03,standby
2026-09-07T14:41:00,27.01,28.16,1.51,0.043,standby
2026-09-07T14:42:00,26.8,27.93,1.6,0.024,standby
2026-09-07T14:43:00,26.54,28.13,1.53,0.037,standby
2026-09-07T14:44:00,26.94,28.11,1.62,0.031,standby
2026-09-07T14:45:00,26.54,28.12,1.57,0.049,standby
2026-09-07T14:46:00,27.24,28.1,1.51,0.02,standby
2026-09-07T14:47:00,27.08,27.97,1.48,0.024,standby
2026-09-07T14:48:00,27.0,28.06,1.66,0.02,standby
2026-09-07T14:49:00,27.33,28.04,1.55,0.028,standby
2026-09-07T14:50:00,26.07,28.06,1.52,0.014,standby
2026-09-07T14:51:00,26.12,28.02,1.42,0.035,standby
2026-09-07T14:52:00,26.82,27.94,1.51,0.034,standby
2026-09-07T14:53:00,26.61,28.04,1.53,0.023,standby
2026-09-07T14:54:00,26.05,28.06,1.52,0.06,standby
2026-09-07T14:55:00,35.86,27.41,4.7,0.033,imaging
2026-09-07T14:56:00,36.22,27.37,4.8,0.025,imaging
2026-09-07T14:57:00,36.39,27.53,4.56,0.035,imaging
2026-09-07T14:58:00,39.59,27.49,8.23,0.038,imaging
2026-09-07T14:59:00,38.94,27.38,9.09,0.061,imaging
2026-09-07T15:00:00,39.4,27.36,8.56,0.061,imaging
2026-09-07T15:01:00,39.33,27.38,9.26,0.019,imaging
2026-09-07T15:02:00,40.29,27.41,9.26,0.01,imaging
2026-09-07T15:03:00,39.5,27.22,9.2,0.041,imaging
2026-09-07T15:04:00,38.9,27.36,9.55,0.03,imaging
2026-09-07T15:05:00,39.17,27.45,9.9,0.033,imaging
2026-09-07T15:06:00,40.02,27.41,10.32,0.037,imaging
2026-09-07T15:07:00,37.49,27.3,4.93,0.064,imaging
2026-09-07T15:08:00,36.31,27.42,4.77,0.042,imaging
2026-09-07T15:09:00,37.17,27.37,5.02,0.021,imaging
2026-09-07T15:10:00,36.84,27.5,5.13,0.027,imaging
2026-09-07T15:11:00,37.37,27.44,4.65,0.02,imaging
2026-09-07T15:12:00,36.31,27.38,4.83,0.035,imaging
2026-09-07T15:13:00,37.71,27.46,5.28,0.031,imaging
2026-09-07T15:14:00,37.47,27.46,5.13,0.029,imaging
2026-09-07T15:15:00,37.54,27.55,4.84,0.034,imaging
2026-09-07T15:16:00,37.38,27.39,4.83,0.064,imaging
2026-09-07T15:17:00,37.02,27.56,4.9,0.032,imaging
2026-09-07T15:18:00,37.62,27.41,4.87,0.023,imaging
2026-09-07T15:19:00,37.38,27.37,5.02,0.001,imaging
2026-09-07T15:20:00,36.97,27.41,4.96,0.019,imaging
2026-09-07T15:21:00,36.84,27.43,5.26,0.013,imaging
2026-09-07T15:22:00,37.23,27.5,5.11,0.033,imaging
2026-09-07T15:23:00,37.2,27.42,5.07,0.0,imaging
2026-09-07T15:24:00,37.13,27.26,5.29,0.048,imaging
2026-09-07T15:25:00,37.16,27.48,5.47,0.025,imaging
2026-09-07T15:26:00,38.39,27.44,5.12,0.017,imaging
2026-09-07T15:27:00,37.47,27.38,4.85,0.043,imaging
2026-09-07T15:28:00,37.69,27.44,5.13,0.083,imaging
2026-09-07T15:29:00,37.07,27.33,5.31,0.073,imaging
2026-09-07T15:30:00,37.55,27.54,5.11,0.056,imaging
2026-09-07T15:31:00,38.26,27.57,5.51,0.025,imaging
2026-09-07T15:32:00,39.96,27.3,5.25,0.064,imaging
2026-09-07T15:33:00,38.09,27.33,5.33,0.042,imaging
2026-09-07T15:34:00,38.86,27.32,5.37,0.045,imaging
2026-09-07T15:35:00,28.9,28.06,2.82,0.03,downlink
2026-09-07T15:36:00,27.82,28.14,2.77,0.038,downlink
2026-09-07T15:37:00,27.58,28.13,3.06,0.033,downlink
2026-09-07T15:38:00,28.37,28.0,3.05,0.029,downlink
2026-09-07T15:39:00,28.49,28.03,2.68,0.023,downlink
2026-09-07T15:40:00,28.9,28.14,2.99,0.028,downlink
2026-09-07T15:41:00,28.0,28.07,3.05,0.016,downlink
2026-09-07T15:42:00,28.53,28.11,2.88,0.027,downlink
2026-09-07T15:43:00,28.47,28.07,2.95,0.023,downlink
2026-09-07T15:44:00,28.05,28.04,3.06,0.03,downlink
2026-09-07T15:45:00,27.65,27.91,3.09,0.013,downlink
2026-09-07T15:46:00,28.51,27.96,2.96,0.03,downlink
2026-09-07T15:47:00,29.31,28.01,3.0,0.009,downlink
2026-09-07T15:48:00,28.8,28.07,3.12,0.046,downlink
2026-09-07T15:49:00,28.86,27.86,3.06,0.037,downlink
2026-09-07T15:50:00,29.07,27.92,7.85,0.035,downlink
2026-09-07T15:51:00,29.31,28.0,7.57,0.016,downlink
2026-09-07T15:52:00,28.86,28.02,7.52,0.038,downlink
2026-09-07T15:53:00,28.27,28.02,7.81,0.012,downlink
2026-09-07T15:54:00,29.24,28.16,7.68,0.035,downlink
2026-09-07T15:55:00,29.33,27.9,2.99,0.043,downlink
2026-09-07T15:56:00,29.47,27.68,3.1,0.018,downlink
2026-09-07T15:57:00,29.93,27.88,3.37,0.008,downlink
2026-09-07T15:58:00,29.02,27.96,3.13,0.015,downlink
2026-09-07T15:59:00,29.41,27.8,3.3,0.046,downlink
2026-09-07T16:00:00,29.0,27.83,3.25,0.031,downlink
2026-09-07T16:01:00,30.32,27.85,3.2,0.014,downlink
2026-09-07T16:02:00,29.11,27.8,3.29,0.043,downlink
2026-09-07T16:03:00,29.95,28.0,3.3,0.023,downlink
2026-09-07T16:04:00,30.44,27.73,3.35,0.001,downlink
2026-09-07T16:05:00,28.88,27.6,5.55,0.445,attitude_control
2026-09-07T16:06:00,28.12,27.5,5.69,0.499,attitude_control
2026-09-07T16:07:00,28.53,27.61,5.38,0.733,attitude_control
2026-09-07T16:08:00,29.4,27.6,5.33,0.705,attitude_control
2026-09-07T16:09:00,28.95,27.47,5.3,0.282,attitude_control
2026-09-07T16:10:00,28.93,27.61,5.78,0.604,attitude_control
2026-09-07T16:11:00,29.26,27.61,6.11,0.566,attitude_control
2026-09-07T16:12:00,29.99,27.39,5.63,0.3,attitude_control
2026-09-07T16:13:00,28.15,27.52,6.07,0.334,attitude_control
2026-09-07T16:14:00,29.52,27.43,5.75,0.466,attitude_control
2026-09-07T16:15:00,28.96,27.61,5.5,0.472,attitude_control
2026-09-07T16:16:00,29.34,27.63,5.97,0.087,attitude_control
2026-09-07T16:17:00,28.52,27.4,5.71,0.39,attitude_control
2026-09-07T16:18:00,29.68,27.54,5.5,0.132,attitude_control
2026-09-07T16:19:00,29.82,27.45,5.65,0.317,attitude_control
2026-09-07T16:20:00,29.66,27.61,5.29,0.224,attitude_control
2026-09-07T16:21:00,30.05,27.61,5.44,0.218,attitude_control
2026-09-07T16:22:00,28.88,27.49,5.15,0.768,attitude_control
2026-09-07T16:23:00,30.85,27.49,5.43,0.401,attitude_control
2026-09-07T16:24:00,30.31,27.47,5.46,0.638,attitude_control
2026-09-07T16:25:00,30.08,27.66,5.25,0.331,attitude_control
2026-09-07T16:26:00,29.38,27.55,5.55,0.516,attitude_control
2026-09-07T16:27:00,29.24,27.46,6.13,0.682,attitude_control
2026-09-07T16:28:00,28.89,27.51,5.93,0.341,attitude_control
2026-09-07T16:29:00,29.21,27.54,5.84,0.508,attitude_control
2026-09-07T16:30:00,25.42,28.23,1.49,0.019,standby
2026-09-07T16:31:00,25.65,28.12,1.45,0.041,standby
2026-09-07T16:32:00,24.68,28.08,1.53,0.017,standby
2026-09-07T16:33:00,25.76,27.92,1.49,0.014,standby
2026-09-07T16:34:00,25.55,28.2,1.61,0.042,standby
2026-09-07T16:35:00,24.05,28.11,1.43,0.021,standby
2026-09-07T16:36:00,25.05,28.12,1.64,0.001,standby
2026-09-07T16:37:00,24.44,28.01,1.4,0.037,standby
2026-09-07T16:38:00,24.78,28.24,1.62,0.026,standby
2026-09-07T16:39:00,24.13,28.21,1.46,0.011,standby
2026-09-07T16:40:00,23.91,28.16,1.61,0.026,standby
2026-09-07T16:41:00,24.84,28.17,1.47,0.058,standby
2026-09-07T16:42:00,24.97,28.19,1.43,0.006,standby
2026-09-07T16:43:00,24.18,28.17,1.53,0.029,standby
2026-09-07T16:44:00,24.05,28.28,1.51,0.016,standby
2026-09-07T16:45:00,23.35,28.25,1.39,0.034,standby
2026-09-07T16:46:00,23.87,28.22,1.4,0.004,standby
2026-09-07T16:47:00,22.88,28.12,1.46,0.02,standby
2026-09-07T16:48:00,22.82,28.31,1.46,0.026,standby
2026-09-07T16:49:00,23.33,28.34,1.31,0.033,standby
2026-09-07T16:50:00,22.11,28.22,1.52,0.033,standby
2026-09-07T16:51:00,23.07,28.3,1.54,0.007,standby
2026-09-07T16:52:00,22.49,28.31,1.58,0.037,standby
2026-09-07T16:53:00,22.94,28.26,1.59,0.031,standby
2026-09-07T16:54:00,21.88,28.49,1.29,0.015,standby
2026-09-07T16:55:00,22.09,28.27,1.44,1.558,standby
2026-09-07T16:56:00,22.91,28.24,1.5,1.742,standby
2026-09-07T16:57:00,22.78,28.52,1.37,1.753,standby
2026-09-07T16:58:00,21.78,28.25,1.44,1.921,standby
2026-09-07T16:59:00,22.12,28.36,1.37,1.942,standby
2026-09-07T17:00:00,22.97,28.33,1.37,2.027,standby
2026-09-07T17:01:00,21.19,28.31,1.46,2.123,standby
2026-09-07T17:02:00,20.7,28.44,1.38,2.276,standby
2026-09-07T17:03:00,21.26,28.36,1.36,2.294,standby
2026-09-07T17:04:00,21.61,28.42,1.39,2.431,standby
2026-09-07T17:05:00,20.7,28.41,1.42,0.027,standby
2026-09-07T17:06:00,21.58,28.49,1.3,0.036,standby
2026-09-07T17:07:00,20.91,28.51,1.48,0.038,standby
2026-09-07T17:08:00,22.01,28.33,1.29,0.022,standby
2026-09-07T17:09:00,20.77,28.47,1.3,0.038,standby
2026-09-07T17:10:00,21.37,28.48,1.25,0.032,standby
2026-09-07T17:11:00,21.22,28.47,1.33,0.042,standby
2026-09-07T17:12:00,20.67,28.42,1.38,0.031,standby
2026-09-07T17:13:00,21.31,28.43,1.23,0.01,standby
2026-09-07T17:14:00,20.75,28.5,1.39,0.003,standby
2026-09-07T17:15:00,21.21,28.44,1.25,0.051,standby
2026-09-07T17:16:00,21.13,28.5,1.54,0.018,standby
2026-09-07T17:17:00,20.88,28.54,1.23,0.026,standby
2026-09-07T17:18:00,21.14,28.5,1.37,0.014,standby
2026-09-07T17:19:00,21.62,28.49,1.26,0.017,standby
2026-09-07T17:20:00,21.02,28.34,1.43,0.021,standby
2026-09-07T17:21:00,21.22,28.34,1.32,0.043,standby
2026-09-07T17:22:00,21.77,28.3,1.28,0.033,standby
2026-09-07T17:23:00,21.31,28.36,1.29,0.009,standby
2026-09-07T17:24:00,21.69,28.36,1.46,0.024,standby
2026-09-07T17:25:00,21.33,28.43,1.48,0.016,standby
2026-09-07T17:26:00,21.12,28.34,1.27,0.045,standby
2026-09-07T17:27:00,21.39,28.34,1.5,0.035,standby
2026-09-07T17:28:00,21.92,28.3,1.38,0.022,standby
2026-09-07T17:29:00,22.97,28.33,1.29,0.037,standby
2026-09-07T17:30:00,22.91,28.31,1.47,0.026,standby
2026-09-07T17:31:00,22.05,28.31,1.32,0.017,standby
2026-09-07T17:32:00,22.32,28.33,1.43,0.009,standby
2026-09-07T17:33:00,22.49,28.29,1.46,0.026,standby
2026-09-07T17:34:00,22.06,28.37,1.58,0.044,standby
2026-09-07T17:35:00,23.46,28.31,1.39,0.027,standby
2026-09-07T17:36:00,22.87,28.26,1.34,0.032,standby
2026-09-07T17:37:00,23.38,28.29,1.47,0.019,standby
2026-09-07T17:38:00,24.08,28.14,1.44,0.019,standby
2026-09-07T17:39:00,24.19,28.21,1.5,0.031,standby
2026-09-07T17:40:00,22.96,28.13,1.49,0.037,standby
2026-09-07T17:41:00,24.43,28.28,1.47,0.026,standby
2026-09-07T17:42:00,24.1,28.14,1.43,0.018,standby
2026-09-07T17:43:00,24.39,28.12,1.51,0.003,standby
2026-09-07T17:44:00,24.81,28.16,1.55,0.019,standby
2026-09-07T17:45:00,24.53,28.21,1.5,0.049,standby
2026-09-07T17:46:00,24.26,28.11,1.43,0.016,standby
2026-09-07T17:47:00,24.66,28.08,1.59,0.011,standby
2026-09-07T17:48:00,25.42,28.01,1.5,0.041,standby
2026-09-07T17:49:00,25.47,28.12,1.59,0.032,standby
2026-09-07T17:50:00,25.65,28.19,1.46,0.024,standby
2026-09-07T17:51:00,25.76,28.14,1.59,0.041,standby
2026-09-07T17:52:00,25.34,27.98,1.66,0.025,standby
2026-09-07T17:53:00,25.4,28.07,1.52,0.037,standby
2026-09-07T17:54:00,26.12,28.09,1.6,0.025,standby
2026-09-07T17:55:00,36.65,27.25,4.41,0.034,imaging
2026-09-07T17:56:00,36.07,27.35,4.69,0.019,imaging
2026-09-07T17:57:00,36.63,27.43,4.64,0.022,imaging
2026-09-07T17:58:00,36.6,27.51,4.74,0.05,imaging
2026-09-07T17:59:00,36.85,27.26,4.63,0.033,imaging
2026-09-07T18:00:00,37.79,27.48,4.78,0.021,imaging
2026-09-07T18:01:00,37.32,27.36,4.72,0.015,imaging
2026-09-07T18:02:00,37.66,27.38,4.89,0.012,imaging
2026-09-07T18:03:00,36.94,27.66,4.68,0.04,imaging
2026-09-07T18:04:00,37.94,27.29,5.07,0.034,imaging
2026-09-07T18:05:00,37.92,27.51,4.75,0.027,imaging
2026-09-07T18:06:00,37.77,27.25,4.92,0.043,imaging
2026-09-07T18:07:00,38.17,27.4,5.03,0.04,imaging
2026-09-07T18:08:00,38.05,27.45,4.83,0.057,imaging
2026-09-07T18:09:00,38.17,27.41,5.21,0.001,imaging
2026-09-07T18:10:00,38.26,27.31,5.21,0.028,imaging
2026-09-07T18:11:00,39.96,27.22,5.04,0.029,imaging
2026-09-07T18:12:00,38.81,27.29,4.95,0.006,imaging
2026-09-07T18:13:00,38.66,27.22,4.85,0.036,imaging
2026-09-07T18:14:00,38.6,27.42,4.87,0.042,imaging
2026-09-07T18:15:00,38.9,27.31,4.96,0.034,imaging
2026-09-07T18:16:00,39.26,27.3,5.21,0.031,imaging
2026-09-07T18:17:00,39.77,27.33,5.09,0.009,imaging
2026-09-07T18:18:00,38.08,27.36,5.1,0.04,imaging
2026-09-07T18:19:00,38.53,27.32,5.06,0.04,imaging
2026-09-07T18:20:00,38.82,27.48,5.07,0.053,imaging
2026-09-07T18:21:00,38.4,27.29,5.06,0.055,imaging
2026-09-07T18:22:00,39.25,27.34,5.23,0.018,imaging
2026-09-07T18:23:00,39.82,27.44,5.21,0.035,imaging
2026-09-07T18:24:00,39.43,27.32,5.21,0.027,imaging
2026-09-07T18:25:00,38.92,27.29,5.35,0.03,imaging
2026-09-07T18:26:00,38.9,27.28,5.06,0.06,imaging
2026-09-07T18:27:00,39.45,27.4,5.21,0.058,imaging
2026-09-07T18:28:00,39.29,27.45,5.3,0.034,imaging
2026-09-07T18:29:00,38.95,27.34,5.35,0.059,imaging
2026-09-07T18:30:00,40.13,27.34,5.51,0.008,imaging
2026-09-07T18:31:00,39.07,27.35,5.48,0.042,imaging
2026-09-07T18:32:00,39.34,27.3,5.26,0.065,imaging
2026-09-07T18:33:00,40.04,27.44,5.39,0.026,imaging
2026-09-07T18:34:00,39.79,27.33,5.39,0.035,imaging
2026-09-07T18:35:00,28.57,27.9,3.04,0.011,downlink
2026-09-07T18:36:00,29.11,28.04,2.96,0.004,downlink
2026-09-07T18:37:00,28.93,28.0,3.04,0.011,downlink
2026-09-07T18:38:00,27.7,28.13,3.0,0.037,downlink
2026-09-07T18:39:00,28.56,28.03,2.86,0.024,downlink
2026-09-07T18:40:00,27.87,27.92,2.92,0.005,downlink
2026-09-07T18:41:00,28.26,27.95,2.86,0.028,downlink
2026-09-07T18:42:00,28.45,27.95,3.23,0.04,downlink
2026-09-07T18:43:00,28.98,27.99,3.09,0.041,downlink
2026-09-07T18:44:00,27.89,27.97,3.33,0.024,downlink
2026-09-07T18:45:00,28.62,28.01,3.08,0.016,downlink
2026-09-07T18:46:00,27.87,28.12,3.0,0.005,downlink
2026-09-07T18:47:00,28.38,28.02,3.06,0.034,downlink
2026-09-07T18:48:00,60.76,23.36,8.59,0.913,downlink
2026-09-07T18:49:00,61.42,23.42,9.04,0.989,downlink
2026-09-07T18:50:00,62.05,23.3,9.04,0.973,downlink
2026-09-07T18:51:00,62.26,23.3,9.18,0.973,downlink
2026-09-07T18:52:00,63.58,23.35,9.16,0.87,downlink
2026-09-07T18:53:00,63.68,23.3,9.61,0.869,downlink
2026-09-07T18:54:00,64.19,23.15,9.61,0.871,downlink
2026-09-07T18:55:00,65.16,23.16,9.9,0.907,downlink
2026-09-07T18:56:00,65.11,23.09,10.3,1.0,downlink
2026-09-07T18:57:00,29.21,27.92,3.19,0.018,downlink
2026-09-07T18:58:00,28.52,28.03,2.86,0.041,downlink
2026-09-07T18:59:00,28.97,28.02,2.94,0.042,downlink
2026-09-07T19:00:00,29.35,27.95,3.17,0.007,downlink
2026-09-07T19:01:00,29.38,27.96,2.97,0.032,downlink
2026-09-07T19:02:00,29.56,27.9,3.07,0.029,downlink
2026-09-07T19:03:00,29.62,28.05,3.04,0.048,downlink
2026-09-07T19:04:00,28.89,27.96,2.9,0.031,downlink
2026-09-07T19:05:00,27.53,27.91,5.79,0.3,attitude_control
2026-09-07T19:06:00,27.77,27.72,5.84,0.567,attitude_control
2026-09-07T19:07:00,27.91,27.55,5.86,0.417,attitude_control
2026-09-07T19:08:00,27.05,27.55,5.84,0.346,attitude_control
2026-09-07T19:09:00,27.32,27.67,5.77,0.423,attitude_control
2026-09-07T19:10:00,28.47,27.67,6.13,0.619,attitude_control
2026-09-07T19:11:00,28.32,27.6,5.67,0.273,attitude_control
2026-09-07T19:12:00,28.19,27.64,5.73,0.468,attitude_control
2026-09-07T19:13:00,28.19,27.61,5.38,0.349,attitude_control
2026-09-07T19:14:00,28.56,27.61,5.45,0.559,attitude_control
2026-09-07T19:15:00,28.57,27.48,5.33,0.281,attitude_control
2026-09-07T19:16:00,28.44,27.64,5.45,0.686,attitude_control
2026-09-07T19:17:00,28.35,27.57,5.57,0.574,attitude_control
2026-09-07T19:18:00,28.22,27.64,5.69,0.396,attitude_control
2026-09-07T19:19:00,28.67,27.64,5.74,0.484,attitude_control
2026-09-07T19:20:00,28.57,27.4,5.72,0.377,attitude_control
2026-09-07T19:21:00,29.21,27.48,5.91,0.486,attitude_control
2026-09-07T19:22:00,28.76,27.63,5.77,0.309,attitude_control
2026-09-07T19:23:00,29.3,27.53,5.69,0.519,attitude_control
2026-09-07T19:24:00,29.27,27.45,5.53,0.488,attitude_control
2026-09-07T19:25:00,29.4,27.53,6.07,0.022,attitude_control
2026-09-07T19:26:00,30.0,27.63,5.6,0.582,attitude_control
2026-09-07T19:27:00,29.13,27.41,5.69,0.712,attitude_control
2026-09-07T19:28:00,29.72,27.5,5.78,0.32,attitude_control
2026-09-07T19:29:00,30.29,27.63,5.61,0.294,attitude_control
2026-09-07T19:30:00,27.4,28.09,1.61,0.039,standby
2026-09-07T19:31:00,27.17,28.0,1.68,0.028,standby
2026-09-07T19:32:00,27.16,28.1,1.59,0.034,standby
2026-09-07T19:33:00,27.14,28.04,1.52,0.019,standby
2026-09-07T19:34:00,26.95,28.12,1.54,0.024,standby
2026-09-07T19:35:00,27.05,28.09,1.62,0.049,standby
2026-09-07T19:36:00,26.47,28.03,1.62,0.005,standby
2026-09-07T19:37:00,27.88,28.04,1.51,0.037,standby
2026-09-07T19:38:00,26.09,28.07,1.49,0.025,standby
2026-09-07T19:39:00,27.22,28.11,1.6,0.05,standby
2026-09-07T19:40:00,27.05,28.03,1.66,0.024,standby
2026-09-07T19:41:00,27.16,27.79,1.6,0.024,standby
2026-09-07T19:42:00,26.73,28.02,1.63,0.0,standby
2026-09-07T19:43:00,28.27,28.15,1.59,0.048,standby
2026-09-07T19:44:00,26.91,28.01,1.64,0.005,standby
2026-09-07T19:45:00,26.97,28.17,1.59,0.008,standby
2026-09-07T19:46:00,26.71,28.08,1.49,0.003,standby
2026-09-07T19:47:00,25.98,28.06,1.63,0.058,standby
2026-09-07T19:48:00,26.79,28.05,1.5,0.038,standby
2026-09-07T19:49:00,26.57,28.15,1.55,0.039,standby
2026-09-07T19:50:00,27.18,28.13,1.54,0.031,standby
2026-09-07T19:51:00,25.84,27.99,1.56,0.016,standby
2026-09-07T19:52:00,26.51,28.16,1.63,0.015,standby
2026-09-07T19:53:00,26.29,28.05,1.58,0.022,standby
2026-09-07T19:54:00,26.06,28.15,1.55,0.031,standby
2026-09-07T19:55:00,25.66,28.22,1.62,0.018,standby
2026-09-07T19:56:00,25.97,28.17,1.58,0.053,standby
2026-09-07T19:57:00,24.83,28.06,1.49,0.017,standby
2026-09-07T19:58:00,24.8,28.2,1.42,0.042,standby
2026-09-07T19:59:00,25.38,28.32,1.64,0.016,standby
